,brand,original_price,current_price,discount_price,ram,storage,os,graphics,processor
0,MICROSOFT,118498.0,111102.0,6.241455551992439,16.0,256.0,Windows 11,Integrated,Snapdragon X
1,MICROSOFT,115898.0,110902.0,4.31068698338194,16.0,512.0,Windows 11,Integrated,Snapdragon X
2,ASUS,48990.0,40990.0,16.329863237395386,8.0,512.0,Windows 11,Integrated,AMD Ryzen 5
3,ASUS,50990.0,37990.0,25.495195136301234,8.0,512.0,Windows 11,Integrated,Intel Core i3
4,HP,120928.0,112800.0,6.721354855781953,24.0,1024.0,Windows 11,8 GB Graphics,AMD Ryzen 7
5,MOTOROLA,104990.0,59990.0,42.86122487855986,16.0,512.0,Windows 11,Integrated,Intel Core Ultra
6,HP,69023.0,64990.0,5.842979876273127,16.0,512.0,Windows 11,Integrated,Intel Core i5
7,Lenovo,59090.0,53990.0,8.630902013877137,16.0,512.0,Windows 11,Integrated,AMD Ryzen 5
8,ASUS,158090.0,37990.0,75.96938452780063,16.0,512.0,Windows 11,Integrated,AMD Ryzen 3
9,MOTOROLA,389990.0,59990.0,84.617554296264,16.0,512.0,Windows 11,Integrated,Intel Core Ultra
10,ASUS,92746.0,40990.0,55.804023893213724,8.0,512.0,Windows 11,Integrated,Intel Core i3
11,HP,70990.0,60990.0,14.086491055078179,16.0,512.0,Windows 11,Integrated,Intel Core i5
12,Lenovo,176990.0,54990.0,68.93044804791231,16.0,512.0,Windows 11,Integrated,Intel Core i5
13,ASUS,119498.0,88990.0,25.53013439555474,16.0,512.0,Windows 11,Integrated,Intel Core Ultra
14,Acer,85991.0,39990.0,53.49513321161516,12.0,512.0,Windows 11,Integrated,Intel Core Ultra
15,HP,109999.0,80990.0,26.372057927799343,16.0,1024.0,Windows 11,Integrated,Intel Core Ultra
16,HP,94890.0,59491.0,37.30530087469702,16.0,512.0,Windows 11,Integrated,Intel Core 3
17,Ultimus,30790.0,21990.0,28.580708022085094,8.0,256.0,Windows 11,Integrated,Intel Core Ultra
18,Lenovo,118498.0,27990.0,76.37934817465273,8.0,512.0,Windows 11,Integrated,Intel Core Ultra
19,MICROSOFT,115898.0,111102.0,4.138121451621253,16.0,256.0,Windows 11,Integrated,Snapdragon X
20,Lenovo,104990.0,77780.0,25.916753976569197,24.0,1024.0,Windows 11,Integrated,Intel Core i5
21,ASUS,104990.0,43990.0,58.10077150204781,8.0,512.0,Windows 11,Integrated,AMD Ryzen 3
22,MOTOROLA,60248.0,59990.0,0.42822998273801616,16.0,512.0,Windows 11,Integrated,Intel Core Ultra
23,Ultimus,71990.0,15905.0,77.90665370190304,4.0,512.0,Windows 11,Integrated,Intel Core Ultra
24,ASUS,389990.0,66093.0,83.05264237544553,16.0,512.0,Windows 11,Integrated,Intel Core i5
25,Acer,176990.0,39000.0,77.96485677156902,8.0,512.0,Windows 11,Integrated,Intel Core Ultra
26,Acer,119498.0,20990.0,82.43485246615006,12.0,256.0,Windows 11,Integrated,Intel Core Ultra
27,ASUS,85991.0,49990.0,41.86600923352444,8.0,512.0,Windows 11,Integrated,Intel Core i3
28,HP,99790.0,80990.0,18.839563082473195,16.0,1024.0,Windows 11,Integrated,Intel Core Ultra
29,ASUS,167890.0,58990.0,64.86389898147597,16.0,512.0,Windows 11,Integrated,Intel Core 5
30,HP,192990.0,45990.0,76.16974972796517,8.0,512.0,Windows 11,Integrated,Intel Core i3
31,MICROSOFT,109990.0,108990.0,0.9091735612328393,16.0,512.0,Windows 11,Integrated,Snapdragon X
32,Lenovo,118498.0,99990.0,15.618829009772316,16.0,512.0,Windows 11,6 GB Graphics,Intel Core i7
33,Acer,115898.0,41490.0,64.20128043624567,8.0,512.0,Windows 11,Integrated,AMD Ryzen 3
34,Acer,60990.0,51990.0,14.756517461878996,16.0,512.0,Windows 11,Integrated,Intel Core i5
35,ASUS,69990.0,49500.0,29.275610801543078,16.0,512.0,Windows 11,Integrated,Intel Core i3
36,Lenovo,104990.0,50990.0,51.43346985427184,16.0,512.0,Windows 11,Integrated,AMD Ryzen 5
37,ASUS,104990.0,56013.0,46.64920468616059,16.0,512.0,Windows 11,Integrated,Intel Core i3
38,Acer,389990.0,36990.0,90.5151414138824,8.0,512.0,Windows 11,Integrated,Intel Core i3
39,Lenovo,176990.0,14990.0,91.53059494886718,4.0,512.0,Windows 11,Integrated,Intel Core Ultra
40,ASUS,60990.0,46990.0,22.954582718478438,8.0,512.0,Windows 11,Integrated,Intel Core i3
41,ASUS,82690.0,46990.0,43.17329785947515,16.0,512.0,Windows 11,Integrated,Intel Core i3
42,HP,119498.0,50190.0,57.999297059365006,8.0,512.0,Windows 11,Integrated,Intel Core 3
43,Lenovo,85991.0,64990.0,24.422323266388343,16.0,512.0,Windows 11,Integrated,Intel Core i5
44,MSI,109999.0,51579.0,53.10957372339749,16.0,512.0,Windows 11,Integrated,AMD Ryzen 5
45,DELL,192990.0,46990.0,75.6515881651899,16.0,512.0,Windows 11,Integrated,Intel Core i3
46,HP,61990.0,46980.0,24.21358283594128,8.0,512.0,Windows 11,Integrated,Intel Core 3
47,Acer,118498.0,55990.0,52.75025738831035,16.0,1024.0,Windows 11,Integrated,AMD Ryzen 5
48,ASUS,115898.0,38990.0,66.35834958325424,8.0,512.0,Windows 11,Integrated,AMD Ryzen 3
49,Lenovo,104990.0,43900.0,58.18649395180493,8.0,512.0,Windows 11,Integrated,Intel Core Ultra
50,Lenovo,104990.0,72990.0,30.479093246975903,16.0,512.0,Windows 11,6 GB Graphics,Intel Core i5
51,MOTOROLA,83990.0,59990.0,28.574830336944874,16.0,512.0,Windows 11,Integrated,Intel Core Ultra
52,MSI,389990.0,44990.0,88.46380676427601,16.0,512.0,Windows 11,Integrated,Intel Core i3
53,Acer,176990.0,44479.0,74.86920164981072,8.0,512.0,Windows 11,Integrated,AMD Ryzen 3
54,ASUS,78778.0,56990.0,27.65746782096524,16.0,512.0,Windows 11,Integrated,Intel Core i3
55,ASUS,119498.0,88990.0,25.53013439555474,16.0,512.0,Windows 11,Integrated,Intel Core Ultra
56,HP,85991.0,60990.0,29.073972857624636,16.0,512.0,Windows 11,Integrated,Intel Core i5
57,HP,146890.0,67990.0,53.713663285451695,8.0,512.0,Windows 11,Integrated,Intel Core i5
58,Acer,118498.0,48990.0,58.657530084895946,16.0,512.0,Windows 11,Integrated,AMD Ryzen 5
59,Acer,115898.0,21990.0,81.02641978291257,8.0,512.0,Windows 11,Integrated,Intel Core Ultra
60,Acer,104990.0,29990.0,71.43537479759978,8.0,128.0,Windows 11,Integrated,Intel Core Ultra
61,HP,101613.0,43990.0,56.70829519844902,8.0,256.0,Windows 11,Integrated,Intel Core Ultra
62,MOTOROLA,95999.0,59990.0,37.50976572672632,16.0,512.0,Windows 11,Integrated,Intel Core Ultra
63,MOTOROLA,96990.0,59990.0,38.14826270749562,16.0,512.0,Windows 11,Integrated,Intel Core Ultra
64,HP,389990.0,74768.0,80.82822636477859,16.0,512.0,Windows 11,Integrated,Intel Core Ultra
65,HP,176990.0,61149.0,65.45059042883778,16.0,512.0,Windows 11,Integrated,AMD Ryzen 5
66,Lenovo,73990.0,58990.0,20.273009866198137,16.0,512.0,Windows 11,Integrated,Intel Core i5
67,ASUS,119498.0,88990.0,25.53013439555474,16.0,512.0,Windows 11,Integrated,Intel Core Ultra
68,ASUS,85991.0,51990.0,39.5401844379063,16.0,512.0,Windows 11,Integrated,Intel Core 5
69,Acer,110990.0,44990.0,59.46481665014866,16.0,512.0,Windows 11,Integrated,Intel Core i3
70,ASUS,125890.0,87990.0,30.10564778775121,16.0,512.0,Windows 11,Integrated,Intel Core Ultra
71,HP,109999.0,56990.0,48.190438094891775,16.0,512.0,Windows 11,Integrated,Intel Core i5
72,HP,192990.0,65890.0,65.85833462873724,8.0,1024.0,Windows 11,Integrated,Intel Core i5
73,ASUS,118498.0,103990.0,12.243244611723405,16.0,512.0,Windows 11,Integrated,Intel Core Ultra
74,Lenovo,115898.0,61999.0,46.50554798184611,16.0,512.0,Windows 11,Integrated,Intel Core i5
75,HP,90747.0,44980.0,50.43362315007659,8.0,512.0,Windows 11,Integrated,AMD Ryzen 3
76,ASUS,104990.0,40990.0,60.95818649395181,8.0,512.0,Windows 11,Integrated,AMD Ryzen 5
77,Ultimus,104990.0,21990.0,79.05514810934375,8.0,256.0,Windows 11,Integrated,Intel Core Ultra
78,MOTOROLA,389990.0,59990.0,84.617554296264,16.0,512.0,Windows 11,Integrated,Intel Core Ultra
79,HP,176990.0,60990.0,65.54042601276907,16.0,512.0,Windows 11,Integrated,AMD Ryzen 7
80,ASUS,78860.0,46990.0,40.413390819173216,16.0,512.0,Windows 11,Integrated,Intel Core i3
81,ASUS,99999.0,88990.0,11.009110091100911,16.0,512.0,Windows 11,Integrated,Intel Core Ultra
82,Lenovo,119498.0,65990.0,44.77731844884433,12.0,512.0,Windows 11,6 GB Graphics,AMD Ryzen 5
83,Acer,85991.0,72990.0,15.119024083915757,16.0,512.0,Windows 11,6 GB Graphics,Intel Core i7
84,DELL,68999.0,59990.0,13.056710966825605,8.0,512.0,Windows 11,Integrated,Intel Core i5
85,HP,109999.0,80990.0,26.372057927799343,16.0,1024.0,Windows 11,Integrated,Intel Core Ultra
86,Acer,192990.0,59990.0,68.91548784911136,16.0,1024.0,Windows 11,Integrated,AMD Ryzen 7
87,MSI,85000.0,67490.0,20.599999999999998,16.0,512.0,Windows 11,6 GB Graphics,Intel Core i5
88,HP,101613.0,65900.0,35.14609351165697,16.0,512.0,Windows 11,Integrated,Intel Core 5
89,Acer,118498.0,40500.0,65.82220796975477,8.0,256.0,Windows 11,Integrated,Intel Core Ultra
90,Lenovo,115898.0,58990.0,49.101796407185624,16.0,512.0,Windows 11,Integrated,Intel Core i5
91,HP,104990.0,59491.0,43.336508238879894,16.0,512.0,Windows 11,Integrated,Intel Core 3
92,MOTOROLA,82990.0,59990.0,27.714182431618266,16.0,512.0,Windows 11,Integrated,Intel Core Ultra
93,HP,389990.0,50190.0,87.13043924203184,8.0,512.0,Windows 11,Integrated,Intel Core 3
94,HP,176990.0,59990.0,66.10542968529295,16.0,512.0,Windows 11,Integrated,Intel Core 5
95,Lenovo,192990.0,43990.0,77.20607285351574,8.0,512.0,Windows 11,Integrated,AMD Ryzen 3
96,ASUS,119498.0,19990.0,83.27168655542351,4.0,512.0,Windows 11,Integrated,Intel Core Ultra
97,ASUS,174237.0,88990.0,48.92588830156625,16.0,512.0,Windows 11,Integrated,Intel Core Ultra
98,ASUS,69990.0,56990.0,18.57408201171596,16.0,512.0,Windows 11,Integrated,Intel Core i3
99,HP,109999.0,80990.0,26.372057927799343,16.0,1024.0,Windows 11,Integrated,Intel Core Ultra
100,HP,192990.0,159990.0,17.09933157158402,24.0,1024.0,Windows 11,8 GB Graphics,AMD Ryzen 9
101,ASUS,109900.0,51990.0,52.693357597816195,8.0,512.0,Windows 11,Integrated,Intel Core 3
102,HP,118498.0,72990.0,38.40402369660247,16.0,512.0,Windows 11,4 GB Graphics,Intel Core i5
103,MICROSOFT,115898.0,108990.0,5.9604134670140985,16.0,512.0,Windows 11,Integrated,Snapdragon X
104,ASUS,109990.0,103990.0,5.455041367397036,16.0,512.0,Windows 11,Integrated,Intel Core Ultra
105,HP,50990.0,46980.0,7.864287115120612,8.0,512.0,Windows 11,Integrated,Intel Core 3
106,Lenovo,213582.0,99990.0,53.184257100317446,16.0,512.0,Windows 11,6 GB Graphics,Intel Core i7
107,MSI,389990.0,41999.0,89.2307495063976,16.0,512.0,Windows 11,Integrated,Intel Core i3
108,Acer,176990.0,58586.0,66.89869484151647,16.0,1024.0,Windows 11,Integrated,AMD Ryzen 7
109,MOTOROLA,109900.0,59990.0,45.4140127388535,16.0,512.0,Windows 11,Integrated,Intel Core Ultra
110,MOTOROLA,69990.0,59990.0,14.287755393627661,16.0,512.0,Windows 11,Integrated,Intel Core Ultra
111,Infinix,47990.0,45990.0,4.167534903104814,16.0,512.0,Windows 11,Integrated,Intel Core i7
112,Apple,109999.0,96990.0,11.826471149737724,16.0,256.0,Windows 11,Integrated,Intel Core Ultra
113,Ultimus,192990.0,24699.0,87.20192756101352,8.0,512.0,Windows 11,Integrated,Intel Core Ultra
114,HP,89900.0,80990.0,9.911012235817575,16.0,1024.0,Windows 11,Integrated,Intel Core Ultra
115,DELL,85000.0,47990.0,43.54117647058823,8.0,512.0,Windows 11,Integrated,Intel Core 3
116,MSI,188890.0,42990.0,77.24072211339933,8.0,512.0,Windows 11,Integrated,Intel Core i3
117,MICROSOFT,118498.0,108990.0,8.023764114162264,16.0,512.0,Windows 11,Integrated,Snapdragon X
118,ASUS,115898.0,103990.0,10.274551761031251,16.0,512.0,Windows 11,Integrated,Intel Core Ultra
119,ASUS,195999.0,35490.0,81.89276475900388,8.0,512.0,Windows 11,Integrated,AMD Ryzen 5
120,Apple,107083.0,85990.0,19.697804506784458,8.0,256.0,Windows 11,Integrated,Intel Core Ultra
121,Lenovo,104990.0,66900.0,36.27964568054101,16.0,512.0,Windows 11,Integrated,Intel Core i5
122,MOTOROLA,389990.0,59990.0,84.617554296264,16.0,512.0,Windows 11,Integrated,Intel Core Ultra
123,MOTOROLA,176990.0,59990.0,66.10542968529295,16.0,512.0,Windows 11,Integrated,Intel Core Ultra
124,ASUS,70990.0,24990.0,64.79785885335963,8.0,512.0,Windows 11,Integrated,Intel Core Ultra
125,Lenovo,127990.0,73490.0,42.58145167591218,16.0,1024.0,Windows 11,Integrated,Intel Core i5
126,ASUS,119498.0,78990.0,33.89847528828934,16.0,512.0,Windows 11,Integrated,Intel Core i7
127,ASUS,85991.0,48990.0,43.02892163133351,8.0,512.0,Windows 11,Integrated,AMD Ryzen 5
128,ASUS,92990.0,88990.0,4.301537799763415,16.0,512.0,Windows 11,Integrated,Intel Core Ultra
129,DELL,159900.0,44990.0,71.86366479049407,8.0,512.0,Windows 11,Integrated,Intel Core i3
130,MICROSOFT,118498.0,103822.0,12.385019156441459,16.0,256.0,Windows 11,Integrated,Snapdragon X
131,HP,115898.0,80990.0,30.119587913510156,16.0,1024.0,Windows 11,Integrated,Intel Core Ultra
132,Acer,50990.0,31924.0,37.39164542067072,8.0,512.0,Windows 11,Integrated,Intel Core Ultra
133,MSI,107990.0,69990.0,35.188443374386516,16.0,1024.0,Windows 11,4 GB Graphics,AMD Ryzen 7
134,Lenovo,104990.0,60990.0,41.90875321459187,16.0,1024.0,Windows 11,Integrated,Intel Core i5
135,MICROSOFT,201990.0,111102.0,44.99628694489826,16.0,256.0,Windows 11,Integrated,Snapdragon X
136,MICROSOFT,158990.0,110902.0,30.24592741681867,16.0,512.0,Windows 11,Integrated,Snapdragon X
137,ASUS,69999.0,34990.0,50.01357162245175,8.0,256.0,Windows 11,Integrated,Intel Core i3
138,ASUS,97900.0,89557.0,8.521961184882533,16.0,512.0,Windows 11,Integrated,Intel Core 5
139,MOTOROLA,389990.0,59990.0,84.617554296264,16.0,512.0,Windows 11,Integrated,Intel Core Ultra
140,MOTOROLA,176990.0,59990.0,66.10542968529295,16.0,512.0,Windows 11,Integrated,Intel Core Ultra
141,HP,119498.0,61388.0,48.6284289276808,16.0,512.0,Windows 11,Integrated,AMD Ryzen 7
142,HP,87262.0,58990.0,32.39898237491692,16.0,512.0,Windows 11,Integrated,Intel Core i5
143,Apple,176990.0,98490.0,44.35278829312391,8.0,512.0,Windows 11,Integrated,Intel Core Ultra
144,MICROSOFT,109999.0,103822.0,5.615505595505414,16.0,256.0,Windows 11,Integrated,Snapdragon X
145,HP,192990.0,80990.0,58.03409503083061,16.0,1024.0,Windows 11,Integrated,Intel Core Ultra
146,Infinix,64990.0,46999.0,27.682720418525925,16.0,512.0,Windows 11,Integrated,Intel Core i7
147,HP,118498.0,72490.0,38.82597174635859,16.0,512.0,Windows 11,6 GB Graphics,Intel Core i5
148,ASUS,115898.0,88990.0,23.21696664308271,16.0,512.0,Windows 11,Integrated,Intel Core Ultra
149,Apple,122990.0,77990.0,36.588340515489065,8.0,512.0,Windows 11,Integrated,Intel Core Ultra
150,MSI,61990.0,44990.0,27.423778028714306,16.0,512.0,Windows 11,Integrated,AMD Ryzen 5
151,ASUS,93322.0,42990.0,53.933691948308,8.0,512.0,Windows 11,Integrated,Intel Core i3
152,ASUS,389990.0,96990.0,75.13013154183442,16.0,1024.0,Windows 11,Integrated,Intel Core Ultra
153,MSI,176990.0,41990.0,76.27549579072263,8.0,512.0,Windows 11,Integrated,AMD Ryzen 5
154,MOTOROLA,144397.0,59990.0,58.45481554325921,16.0,512.0,Windows 11,Integrated,Intel Core Ultra
155,MOTOROLA,98990.0,59990.0,39.39791898171532,16.0,512.0,Windows 11,Integrated,Intel Core Ultra
156,HP,85990.0,83059.0,3.408535876264682,16.0,512.0,Windows 11,6 GB Graphics,Intel Core i5
157,ASUS,91890.0,40990.0,55.39231690064207,8.0,512.0,Windows 11,Integrated,AMD Ryzen 5
158,DELL,221990.0,140490.0,36.713365466912926,16.0,1024.0,Windows 11,Integrated,Intel Core 7
159,HP,69999.0,58990.0,15.727367533821912,16.0,512.0,Windows 11,Integrated,Intel Core i5
160,ASUS,109999.0,64999.0,40.909462813298305,16.0,512.0,Windows 11,Integrated,Intel Core i7
161,Lenovo,192990.0,64990.0,66.32468003523499,16.0,1024.0,Windows 11,Integrated,Snapdragon X
162,HP,94990.0,80990.0,14.738393515106853,16.0,1024.0,Windows 11,Integrated,Intel Core Ultra
163,Acer,127990.0,39990.0,68.75537151339948,16.0,512.0,Windows 11,Integrated,AMD Ryzen 5
164,MICROSOFT,118498.0,108990.0,8.023764114162264,16.0,512.0,Windows 11,Integrated,Snapdragon X
165,ASUS,115898.0,103990.0,10.274551761031251,16.0,512.0,Windows 11,Integrated,Intel Core Ultra
166,Acer,75000.0,52047.0,30.604,16.0,512.0,Windows 11,Integrated,Intel Core i5
167,Lenovo,104990.0,39990.0,61.910658157919805,8.0,512.0,Windows 11,Integrated,Intel Core i3
168,Lenovo,104990.0,82490.0,21.43061243927993,24.0,512.0,Windows 11,8 GB Graphics,AMD Ryzen 7
169,Acer,389990.0,44990.0,88.46380676427601,16.0,512.0,Windows 11,Integrated,AMD Ryzen 3
170,MOTOROLA,176990.0,59990.0,66.10542968529295,16.0,512.0,Windows 11,Integrated,Intel Core Ultra
171,MOTOROLA,84999.0,59990.0,29.422699090577538,16.0,512.0,Windows 11,Integrated,Intel Core Ultra
172,ASUS,119498.0,37990.0,68.20867294850123,16.0,512.0,Windows 11,Integrated,AMD Ryzen 3
173,Acer,85991.0,64757.0,24.693281855077856,16.0,512.0,Windows 11,Integrated,Intel Core Ultra
174,Acer,120928.0,39990.0,66.93073564435036,8.0,512.0,Windows 11,Integrated,Intel Core Ultra
175,ASUS,120000.0,88990.0,25.84166666666667,16.0,512.0,Windows 11,Integrated,Intel Core Ultra
176,Lenovo,109999.0,26990.0,75.4634133037573,4.0,512.0,Windows 11,Integrated,Intel Core Ultra
177,MICROSOFT,192990.0,103822.0,46.203430229545575,16.0,256.0,Windows 11,Integrated,Snapdragon X
178,HP,149990.0,80990.0,46.003066871124744,16.0,1024.0,Windows 11,Integrated,Intel Core Ultra
179,HP,125000.0,112800.0,9.76,24.0,1024.0,Windows 11,8 GB Graphics,AMD Ryzen 7
180,Acer,118498.0,57500.0,51.47597427804689,8.0,512.0,Windows 11,Integrated,AMD Ryzen 5
181,DELL,115898.0,111990.0,3.371930490603807,16.0,512.0,Windows 11,6 GB Graphics,Intel Core i7
182,Lenovo,89000.0,43990.0,50.573033707865164,8.0,512.0,Windows 11,Integrated,AMD Ryzen 3
183,ASUS,151990.0,119990.0,21.054016711625763,16.0,512.0,Windows 11,Integrated,Intel Core 7
184,Lenovo,104990.0,96000.0,8.562720259072293,16.0,512.0,Windows 11,6 GB Graphics,Intel Core i5
185,HP,389990.0,47990.0,87.6945562706736,8.0,512.0,Windows 11,Integrated,Intel Core i3
186,MSI,176990.0,42990.0,75.71049211819877,8.0,512.0,Windows 11,Integrated,Intel Core i3
187,MOTOROLA,89990.0,59990.0,33.3370374486054,16.0,512.0,Windows 11,Integrated,Intel Core Ultra
188,MOTOROLA,139999.0,59990.0,57.14969392638519,16.0,512.0,Windows 11,Integrated,Intel Core Ultra
189,DELL,134990.0,70990.0,47.41091932735758,16.0,512.0,Windows 11,Integrated,Intel Core i5
190,DELL,119498.0,46990.0,60.67716614504008,8.0,512.0,Windows 11,Integrated,Intel Core 3
191,MSI,109999.0,77990.0,29.0993554486859,16.0,512.0,Windows 11,4 GB Graphics,Intel Core i7
192,Colorful,192990.0,83990.0,56.47961034250479,16.0,512.0,Windows 11,8 GB Graphics,Intel Core i7
193,ASUS,299900.0,100990.0,66.32544181393799,16.0,512.0,Windows 11,Integrated,Intel Core Ultra
194,DELL,123090.0,45990.0,62.63709480867657,8.0,512.0,Windows 11,Integrated,Intel Core i3
195,HP,118498.0,55900.0,52.826208037266454,16.0,512.0,Windows 11,Integrated,Intel Core i3
196,MICROSOFT,115898.0,108990.0,5.9604134670140985,16.0,512.0,Windows 11,Integrated,Snapdragon X
197,ASUS,147926.0,103990.0,29.701337155064017,16.0,512.0,Windows 11,Integrated,Intel Core Ultra
198,DELL,104990.0,51990.0,50.480998190303836,8.0,512.0,Windows 11,Integrated,Intel Core i3
199,Lenovo,104990.0,52990.0,49.528526526335845,16.0,512.0,Windows 11,Integrated,AMD Ryzen 5
200,Lenovo,184690.0,109990.0,40.44615301315718,16.0,512.0,Windows 11,6 GB Graphics,Intel Core i7
201,MICROSOFT,162996.0,110902.0,31.960293504135073,16.0,512.0,Windows 11,Integrated,Snapdragon X
202,DELL,389990.0,54990.0,85.89963845226801,8.0,512.0,Windows 11,Integrated,Intel Core i5
203,MOTOROLA,176990.0,59990.0,66.10542968529295,16.0,512.0,Windows 11,Integrated,Intel Core Ultra
204,MOTOROLA,92990.0,59990.0,35.48768684804818,16.0,512.0,Windows 11,Integrated,Intel Core Ultra
205,HP,119498.0,89900.0,24.76861537431589,24.0,512.0,Windows 11,6 GB Graphics,Intel Core i5
206,HP,110490.0,55990.0,49.32573083536972,16.0,512.0,Windows 11,Integrated,AMD Ryzen 5
207,ASUS,98990.0,88990.0,10.102030508132135,16.0,512.0,Windows 11,Integrated,Intel Core Ultra
208,ASUS,82990.0,70732.0,14.770454271598988,16.0,512.0,Windows 11,Integrated,Snapdragon X
209,HP,118498.0,114990.0,2.960387517088896,24.0,1024.0,Windows 11,8 GB Graphics,Intel Core 7
210,MICROSOFT,115898.0,103822.0,10.419506807710228,16.0,256.0,Windows 11,Integrated,Snapdragon X
211,HP,129999.0,80990.0,37.69952076554435,16.0,1024.0,Windows 11,Integrated,Intel Core Ultra
212,ASUS,104990.0,87799.0,16.373940375273836,32.0,512.0,Windows 11,Integrated,Intel Core i7
213,MICROSOFT,158090.0,111102.0,29.722310076538683,16.0,256.0,Windows 11,Integrated,Snapdragon X
214,HP,389990.0,45990.0,88.2073899330752,8.0,512.0,Windows 11,Integrated,Intel Core i3
215,MOTOROLA,176990.0,59990.0,66.10542968529295,16.0,512.0,Windows 11,Integrated,Intel Core Ultra
216,MOTOROLA,110245.0,59990.0,45.58483377930972,16.0,512.0,Windows 11,Integrated,Intel Core Ultra
217,Ultimus,96990.0,35999.0,62.88380245386123,8.0,512.0,Windows 11,Integrated,Intel Core i5
218,Lenovo,119498.0,116992.0,2.0971062277192924,32.0,1024.0,Windows 11,Integrated,Intel Core Ultra
219,ASUS,85991.0,59890.0,30.35317649521462,16.0,512.0,Windows 11,Integrated,Intel Core 5
220,HP,144999.0,49000.0,66.206663494231,8.0,512.0,Windows 11,Integrated,Intel Core i3
221,ASUS,105090.0,88990.0,15.320201731848893,16.0,512.0,Windows 11,Integrated,Intel Core Ultra
222,HP,109999.0,61149.0,44.409494631769384,16.0,512.0,Windows 11,Integrated,AMD Ryzen 5
223,MICROSOFT,192990.0,103822.0,46.203430229545575,16.0,256.0,Windows 11,Integrated,Snapdragon X
224,Acer,118498.0,94990.0,19.838309507333456,16.0,1024.0,Windows 11,6 GB Graphics,Intel Core i7
225,Acer,115898.0,57990.0,49.964624065989064,8.0,512.0,Windows 11,4 GB Graphics,Intel Core i5
226,Lenovo,153990.0,72990.0,52.60081823495032,16.0,512.0,Windows 11,6 GB Graphics,Intel Core i5
227,Ultimus,49990.0,15905.0,68.18363672734546,4.0,512.0,Windows 11,Integrated,Intel Core Ultra
228,DELL,104990.0,65993.0,37.14353747975998,16.0,512.0,Windows 11,Integrated,Intel Core i5
229,MICROSOFT,176990.0,110902.0,37.339962709757614,16.0,512.0,Windows 11,Integrated,Snapdragon X
230,Lenovo,389990.0,94506.0,75.7670709505372,16.0,1024.0,Windows 11,Integrated,Intel Core Ultra
231,Acer,176990.0,46990.0,73.45047742810328,8.0,512.0,Windows 11,Integrated,Intel Core i3
232,ASUS,125890.0,46990.0,62.673762808801335,8.0,512.0,Windows 11,Integrated,AMD Ryzen 3
233,MOTOROLA,86990.0,59990.0,31.038050350615016,16.0,512.0,Windows 11,Integrated,Intel Core Ultra
234,MOTOROLA,70990.0,59990.0,15.495140160585999,16.0,512.0,Windows 11,Integrated,Intel Core Ultra
235,Lenovo,119498.0,52490.0,56.07457865403605,8.0,512.0,Windows 11,Integrated,Intel Core i5
236,ASUS,109999.0,88990.0,19.099264538768534,16.0,512.0,Windows 11,Integrated,Intel Core Ultra
237,DELL,192990.0,45250.0,76.55318928441888,8.0,512.0,Windows 11,Integrated,Intel Core 3
238,Lenovo,167890.0,89990.0,46.39942819703377,16.0,512.0,Windows 11,Integrated,Intel Core Ultra
239,DELL,89990.0,48990.0,45.560617846427384,16.0,512.0,Windows 11,Integrated,Intel Core i3
240,MICROSOFT,114990.0,103822.0,9.712148882511523,16.0,256.0,Windows 11,Integrated,Snapdragon X
241,HP,118498.0,80990.0,31.65285490050465,16.0,1024.0,Windows 11,Integrated,Intel Core Ultra
242,ASUS,115898.0,45518.0,60.72581062658544,8.0,512.0,Windows 11,Integrated,Intel Core i3
243,DELL,98990.0,44990.0,54.550964743913525,8.0,512.0,Ubuntu,Integrated,Intel Core i3
244,ASUS,104990.0,103990.0,0.952471663967997,16.0,512.0,Windows 11,Integrated,Intel Core Ultra
245,HP,52999.0,51990.0,1.9038095058397326,8.0,512.0,Windows 11,Integrated,AMD Ryzen 5
246,ASUS,79990.0,65990.0,17.502187773471682,8.0,512.0,Windows 11,Integrated,Intel Core i5
247,ASUS,153588.0,71990.0,53.12784852983305,32.0,512.0,Windows 11,Integrated,Intel Core i5
248,MICROSOFT,389990.0,110902.0,71.56286058616888,16.0,512.0,Windows 11,Integrated,Snapdragon X
249,HP,176990.0,60990.0,65.54042601276907,16.0,512.0,Windows 11,Integrated,Intel Core i5
250,Acer,56990.0,46683.0,18.085629057729427,16.0,512.0,Windows 11,Integrated,AMD Ryzen 3
251,MOTOROLA,108890.0,59990.0,44.907705023418124,16.0,512.0,Windows 11,Integrated,Intel Core Ultra
252,MOTOROLA,119498.0,59990.0,49.7983229844851,16.0,512.0,Windows 11,Integrated,Intel Core Ultra
253,Acer,85991.0,44990.0,47.6805712225698,8.0,512.0,Windows 11,Integrated,AMD Ryzen 5
254,Acer,88268.0,58990.0,33.16943852811891,16.0,512.0,Windows 11,Integrated,Intel Core i5
255,ASUS,109999.0,88990.0,19.099264538768534,16.0,512.0,Windows 11,Integrated,Intel Core Ultra
256,ASUS,192990.0,35990.0,81.3513653557179,8.0,512.0,Windows 11,Integrated,Intel Core i3
257,Lenovo,98990.0,89990.0,9.09182745731892,16.0,512.0,Windows 11,6 GB Graphics,AMD Ryzen 7
258,HP,118498.0,80990.0,31.65285490050465,16.0,1024.0,Windows 11,Integrated,Intel Core Ultra
259,MSI,115898.0,44990.0,61.18138363043366,16.0,512.0,Windows 11,Integrated,Intel Core i3
260,DELL,149900.0,28990.0,80.66044029352902,4.0,256.0,Windows 10,Integrated,Intel Core Ultra
261,HP,104612.0,76990.0,26.40423660765495,16.0,1024.0,Windows 11,4 GB Graphics,Intel Core i5
262,ASUS,192990.0,38990.0,79.79688066739209,8.0,512.0,Windows 11,Integrated,AMD Ryzen 3
263,ASUS,104990.0,103990.0,0.952471663967997,16.0,512.0,Windows 11,Integrated,Intel Core Ultra
264,Lenovo,104990.0,72586.0,30.863891799218973,16.0,512.0,Windows 11,Integrated,Intel Core i5
265,ASUS,82789.0,36990.0,55.320151227820126,8.0,512.0,Windows 11,Integrated,Intel Core i3
266,MICROSOFT,389990.0,110902.0,71.56286058616888,16.0,512.0,Windows 11,Integrated,Snapdragon X
267,Infinix,176990.0,82490.0,53.39284705350585,32.0,1024.0,Windows 11,Integrated,Intel Core i9
268,ASUS,110999.0,103990.0,6.314471301543258,16.0,512.0,Windows 11,Integrated,Intel Core Ultra
269,Lenovo,69900.0,51990.0,25.622317596566525,8.0,512.0,Windows 11,Integrated,Intel Core i5
270,MOTOROLA,99990.0,59990.0,40.00400040004,16.0,512.0,Windows 11,Integrated,Intel Core Ultra
271,MOTOROLA,119498.0,59990.0,49.7983229844851,16.0,512.0,Windows 11,Integrated,Intel Core Ultra
272,Samsung,85991.0,59930.0,30.306659999302255,16.0,512.0,Windows 11,Integrated,Intel Core 5
273,Acer,78599.0,53990.0,31.309558645784296,16.0,512.0,Windows 11,Integrated,Intel Core i5
274,ASUS,109999.0,88990.0,19.099264538768534,16.0,512.0,Windows 11,Integrated,Intel Core Ultra
275,DELL,192990.0,49990.0,74.09710347686409,8.0,512.0,Windows 11,Integrated,AMD Ryzen 5
276,Acer,116990.0,64990.0,44.44824343961022,16.0,1024.0,Windows 11,Integrated,Intel Core i7
277,Acer,129990.0,70500.0,45.76505885068082,16.0,512.0,Windows 11,Integrated,Intel Core Ultra
278,MICROSOFT,125890.0,103822.0,17.529589324013028,16.0,256.0,Windows 11,Integrated,Snapdragon X
279,HP,118498.0,80990.0,31.65285490050465,16.0,1024.0,Windows 11,Integrated,Intel Core Ultra
280,Acer,115898.0,71400.0,38.39410516143506,16.0,512.0,Windows 11,Integrated,Intel Core Ultra
281,ASUS,207999.0,58990.0,71.63928672734004,16.0,512.0,Windows 11,Integrated,Intel Core i5
282,ASUS,104990.0,103990.0,0.952471663967997,16.0,512.0,Windows 11,Integrated,Intel Core Ultra
283,ASUS,104990.0,81990.0,21.90684827126393,16.0,512.0,Windows 11,Integrated,Intel Core Ultra
284,Lenovo,110990.0,50100.0,54.86079827011442,8.0,512.0,Windows 11,Integrated,AMD Ryzen 5
285,MICROSOFT,389990.0,110902.0,71.56286058616888,16.0,512.0,Windows 11,Integrated,Snapdragon X
286,Lenovo,86990.0,16990.0,80.46901942752041,4.0,512.0,Windows 11,Integrated,Intel Core Ultra
287,MOTOROLA,74990.0,59990.0,20.002667022269634,16.0,512.0,Windows 11,Integrated,Intel Core Ultra
288,MOTOROLA,119498.0,59990.0,49.7983229844851,16.0,512.0,Windows 11,Integrated,Intel Core Ultra
289,Lenovo,85991.0,70990.0,17.444848879533907,16.0,512.0,Windows 11,Integrated,Intel Core 7
290,Lenovo,212900.0,18590.0,91.268201033349,4.0,512.0,Windows 11,Integrated,Intel Core Ultra
291,DELL,98990.0,68990.0,30.306091524396408,16.0,512.0,Windows 11,Integrated,Intel Core i5
292,HP,118498.0,46980.0,60.353761244915525,8.0,512.0,Windows 11,Integrated,AMD Ryzen 3
293,ASUS,104990.0,70990.0,32.384036574911896,16.0,512.0,Windows 11,Integrated,Intel Core Ultra
294,MICROSOFT,104990.0,103822.0,1.1124869035146205,16.0,256.0,Windows 11,Integrated,Snapdragon X
295,HP,183999.0,122990.0,33.157245419812064,16.0,1024.0,Windows 11,Integrated,Intel Core Ultra
296,Acer,92000.0,89890.0,2.2934782608695654,16.0,512.0,Windows 11,6 GB Graphics,Intel Core 5
297,MSI,389990.0,64990.0,83.33547014026,16.0,512.0,Windows 11,Integrated,Intel Core i7
298,MICROSOFT,176990.0,111102.0,37.226961975252834,16.0,256.0,Windows 11,Integrated,Snapdragon X
299,MICROSOFT,395990.0,110902.0,71.99373721558625,16.0,512.0,Windows 11,Integrated,Snapdragon X
300,ASUS,104999.0,64990.0,38.10417242068972,16.0,512.0,Windows 11,Integrated,Intel Core 5
301,Acer,119498.0,62313.0,47.854357395102845,16.0,512.0,Windows 11,Integrated,Intel Core Ultra
302,MOTOROLA,109999.0,59990.0,45.463140574005216,16.0,512.0,Windows 11,Integrated,Intel Core Ultra
303,MOTOROLA,93999.0,59990.0,36.18017212949074,16.0,512.0,Windows 11,Integrated,Intel Core Ultra
304,Acer,88990.0,49990.0,43.825148893134056,16.0,512.0,Windows 11,Integrated,AMD Ryzen 5
305,HP,59990.0,43999.0,26.656109351558595,8.0,256.0,Windows 11,Integrated,Intel Core Ultra
306,Lenovo,192990.0,69057.0,64.21731695942795,16.0,512.0,Windows 11,Integrated,AMD Ryzen 5
307,Acer,118498.0,63522.0,46.39403196678425,16.0,1024.0,Windows 11,Integrated,Intel Core Ultra
308,MICROSOFT,115898.0,103822.0,10.419506807710228,16.0,256.0,Windows 11,Integrated,Snapdragon X
309,Acer,69990.0,57990.0,17.145306472353194,16.0,512.0,Windows 11,Integrated,Intel Core i5
310,ASUS,119999.0,68823.0,42.64702205851715,16.0,512.0,Windows 11,Integrated,Intel Core i7
311,Acer,101990.0,55990.0,45.10246102559074,16.0,1024.0,Windows 11,Integrated,AMD Ryzen 5
312,HP,104990.0,64990.0,38.09886655871988,16.0,512.0,Windows 11,Integrated,Intel Core i7
313,ASUS,104990.0,103990.0,0.952471663967997,16.0,512.0,Windows 11,Integrated,Intel Core Ultra
314,Samsung,163999.0,71990.0,56.1033908743346,16.0,512.0,Windows 11,Integrated,Snapdragon X
315,Acer,395990.0,74990.0,81.06265309730044,32.0,1024.0,Windows 11,Integrated,AMD Ryzen 7
316,HP,389990.0,65899.0,83.10238724069848,16.0,512.0,Windows 11,Integrated,Intel Core i5
317,MICROSOFT,176990.0,111102.0,37.226961975252834,16.0,256.0,Windows 11,Integrated,Snapdragon X
318,MICROSOFT,111990.0,110902.0,0.9715153138673096,16.0,512.0,Windows 11,Integrated,Snapdragon X
319,HP,88990.0,49990.0,43.825148893134056,8.0,512.0,Windows 11,Integrated,Intel Core i3
320,Thomson,47083.0,41990.0,10.817067731452966,16.0,512.0,Windows 11,Integrated,Intel Core i7
321,Colorful,119498.0,92499.0,22.59368357629416,16.0,512.0,Windows 11,8 GB Graphics,Intel Core i7
322,MOTOROLA,85000.0,59990.0,29.423529411764704,16.0,512.0,Windows 11,Integrated,Intel Core Ultra
323,MOTOROLA,66990.0,59990.0,10.44932079414838,16.0,512.0,Windows 11,Integrated,Intel Core Ultra
324,ASUS,100990.0,88990.0,11.882364590553522,16.0,512.0,Windows 11,Integrated,Intel Core Ultra
325,MSI,98999.0,91990.0,7.079869493631248,16.0,1024.0,Windows 11,Integrated,Intel Core Ultra
326,Lenovo,103999.0,54990.0,47.12449158164983,8.0,512.0,Windows 11,Integrated,Intel Core i5
327,DELL,118498.0,46990.0,60.345322283920396,8.0,512.0,Windows 11,Integrated,AMD Ryzen 5
328,Lenovo,104990.0,61900.0,41.04200400038099,16.0,512.0,Windows 11,Integrated,Intel Core i5
329,ASUS,104990.0,57476.0,45.25573864177541,16.0,512.0,Windows 11,Integrated,Intel Core i5
330,MICROSOFT,213999.0,108990.0,49.06985546661433,16.0,512.0,Windows 11,Integrated,Snapdragon X
331,ASUS,223990.0,70990.0,68.30662083128712,16.0,512.0,Windows 11,Integrated,AMD Ryzen 7
332,MSI,92999.0,86990.0,6.461359799567737,16.0,512.0,Windows 11,6 GB Graphics,Intel Core i7
333,Acer,389990.0,78013.0,79.99615374753198,16.0,512.0,Windows 11,6 GB Graphics,AMD Ryzen 7
334,Acer,176990.0,88499.0,49.997739985309906,16.0,512.0,Windows 11,6 GB Graphics,Intel Core i5
335,HP,119498.0,49273.0,58.76667391922877,8.0,512.0,Windows 11,Integrated,AMD Ryzen 5
336,HP,85991.0,59990.0,30.23688525543371,16.0,512.0,Windows 11,Integrated,AMD Ryzen 5
337,MOTOROLA,215990.0,59990.0,72.22556599842585,16.0,512.0,Windows 11,Integrated,Intel Core Ultra
338,MOTOROLA,157376.0,59990.0,61.88110004066694,16.0,512.0,Windows 11,Integrated,Intel Core Ultra
339,Acer,429900.0,179990.0,58.13212374970923,16.0,1024.0,Windows 11,Integrated,Intel Core Ultra
340,Acer,89250.0,49490.0,44.549019607843135,8.0,512.0,Windows 11,Integrated,AMD Ryzen 5
341,Acer,192990.0,73767.0,61.77677599875642,16.0,512.0,Windows 11,6 GB Graphics,Intel Core i5
342,ASUS,95000.0,88990.0,6.326315789473684,16.0,512.0,Windows 11,Integrated,Intel Core Ultra
343,DELL,118498.0,58990.0,50.218569089773666,8.0,512.0,Windows 11,Integrated,Intel Core i5
344,HP,115898.0,56990.0,50.827451724792496,16.0,512.0,Windows 11,Integrated,Intel Core i5
345,HP,136090.0,80990.0,40.48791241090455,16.0,1024.0,Windows 11,Integrated,Intel Core Ultra
346,MICROSOFT,182990.0,108990.0,40.439368271490245,16.0,512.0,Windows 11,Integrated,Snapdragon X
347,ASUS,389990.0,103990.0,73.33521372342881,16.0,512.0,Windows 11,Integrated,Intel Core Ultra
348,ASUS,176990.0,63990.0,63.84541499519747,16.0,512.0,Windows 11,Integrated,Intel Core i5
349,ASUS,110990.0,48990.0,55.86088836832147,8.0,512.0,Windows 11,Integrated,AMD Ryzen 5
350,DELL,119498.0,74819.0,37.38891027464894,16.0,1024.0,Windows 11,Integrated,Intel Core i5
351,DELL,159990.0,99990.0,37.50234389649353,16.0,512.0,Windows 11,Integrated,Intel Core i7
352,MOTOROLA,109999.0,59990.0,45.463140574005216,16.0,512.0,Windows 11,Integrated,Intel Core Ultra
353,HP,192990.0,44990.0,76.68791129074044,8.0,512.0,Windows 11,Integrated,Intel Core Ultra
354,ASUS,314890.0,136490.0,56.654704817555334,16.0,512.0,Windows 11,Integrated,Intel Core Ultra
355,ASUS,167990.0,88990.0,47.026608726709924,16.0,512.0,Windows 11,Integrated,Intel Core Ultra
356,Acer,118498.0,43550.0,63.24832486624247,8.0,256.0,Windows 11,Integrated,Intel Core i3
357,ASUS,115898.0,47645.0,58.89057619631055,8.0,512.0,Windows 11,Integrated,Intel Core i3
358,MICROSOFT,104990.0,103822.0,1.1124869035146205,16.0,256.0,Windows 11,Integrated,Snapdragon X
359,HP,104990.0,80990.0,22.859319935231927,16.0,1024.0,Windows 11,Integrated,Intel Core Ultra
360,Thomson,83990.0,27990.0,66.67460411953805,8.0,512.0,Windows 11,Integrated,Intel Core i3
361,Lenovo,389990.0,176990.0,54.6167850457704,16.0,1024.0,Windows 11,Integrated,Intel Core i7
362,Lenovo,176990.0,85000.0,51.97468783547093,16.0,512.0,Windows 11,Integrated,Intel Core Ultra
363,ASUS,107990.0,42990.0,60.19075840355589,8.0,512.0,Windows 11,Integrated,Intel Core Ultra
364,Samsung,131463.0,130490.0,0.7401322044986042,16.0,512.0,Windows 11,Integrated,Intel Core Ultra
365,MICROSOFT,119498.0,111102.0,7.026059013539976,16.0,256.0,Windows 11,Integrated,Snapdragon X
366,HP,105000.0,43490.0,58.580952380952375,8.0,512.0,Windows 11,Integrated,AMD Ryzen 3
367,MOTOROLA,73990.0,59990.0,18.92147587511826,16.0,512.0,Windows 11,Integrated,Intel Core Ultra
368,ASUS,118498.0,21490.0,81.86467282148222,4.0,512.0,Windows 11,Integrated,Intel Core Ultra
369,ASUS,115898.0,36990.0,68.0840049008611,16.0,512.0,Windows 11,Integrated,Intel Core Ultra
370,Samsung,129990.0,69990.0,46.157396722824835,8.0,512.0,Windows 11,Integrated,Intel Core 5
371,HP,103990.0,44980.0,56.74584094624483,8.0,512.0,Windows 11,Integrated,AMD Ryzen 3
372,ASUS,104990.0,88990.0,15.239546623487952,16.0,512.0,Windows 11,Integrated,Intel Core Ultra
373,ASUS,113990.0,97335.0,14.610930783402054,16.0,512.0,Windows 11,Integrated,Intel Core 5
374,HP,389990.0,80990.0,79.23280084104721,16.0,1024.0,Windows 11,Integrated,Intel Core Ultra
375,Lenovo,176990.0,89000.0,49.71467314537544,16.0,512.0,Windows 11,1 GB Graphics,Intel Core i5
376,Ultimus,389990.0,17999.0,95.3847534552168,8.0,256.0,Windows 11,Integrated,Intel Core Ultra
377,ASUS,70990.0,62819.0,11.51007184110438,16.0,512.0,Windows 11,Integrated,Intel Core 5
378,HP,119498.0,24168.0,79.775393730439,4.0,512.0,Windows 11,Integrated,Intel Core Ultra
379,ASUS,94890.0,77990.0,17.810095900516387,32.0,512.0,Windows 11,Integrated,Intel Core 7
380,MOTOROLA,59998.0,59990.0,0.013333777792593086,16.0,512.0,Windows 11,Integrated,Intel Core Ultra
381,MOTOROLA,109999.0,59990.0,45.463140574005216,16.0,512.0,Windows 11,Integrated,Intel Core Ultra
382,ASUS,192990.0,104990.0,45.598217524224054,16.0,512.0,Windows 11,Integrated,Intel Core 7
383,HP,78900.0,58790.0,25.487959442332063,8.0,512.0,Windows 11,Integrated,Intel Core i3
384,Lenovo,97990.0,45999.0,53.057454842330856,8.0,512.0,Windows 11,Integrated,AMD Ryzen 3
385,Infinix,118498.0,59990.0,49.37467299026144,8.0,512.0,Windows 11,Integrated,AMD Ryzen 7
386,ASUS,135990.0,88990.0,34.56136480623575,16.0,512.0,Windows 11,Integrated,Intel Core Ultra
387,DELL,127601.0,46990.0,63.17426979412387,8.0,512.0,Windows 11,Integrated,Intel Core i3
388,MICROSOFT,509990.0,103822.0,79.64234592835153,16.0,256.0,Windows 11,Integrated,Snapdragon X
389,HP,104990.0,80990.0,22.859319935231927,16.0,1024.0,Windows 11,Integrated,Intel Core Ultra
390,Acer,104990.0,54990.0,47.62358319839985,16.0,1024.0,Windows 11,Integrated,AMD Ryzen 5
391,Lenovo,223990.0,76990.0,65.62792981829546,16.0,512.0,Windows 11,Integrated,AMD Ryzen 7
392,HP,78990.0,49650.0,37.14394227117357,8.0,512.0,Windows 11,Integrated,Intel Core 3
393,HP,389990.0,49900.0,87.20480012308009,8.0,512.0,Windows 11,Integrated,AMD Ryzen 5
394,MICROSOFT,176990.0,108990.0,38.42024973162326,16.0,512.0,Windows 11,Integrated,Snapdragon X
395,Acer,73990.0,59900.0,19.043113934315446,16.0,512.0,Windows 11,Integrated,Intel Core Ultra
396,MICROSOFT,119498.0,111102.0,7.026059013539976,16.0,256.0,Windows 11,Integrated,Snapdragon X
397,ASUS,111190.0,109990.0,1.0792337440417303,16.0,512.0,Windows 11,Integrated,Intel Core Ultra
398,Infinix,109999.0,51990.0,52.73593396303603,16.0,512.0,Windows 11,Integrated,Intel Core i7
399,DELL,192990.0,99999.0,48.18436188403544,16.0,1024.0,Windows 11,Integrated,Intel Core Ultra
400,MOTOROLA,104999.0,59990.0,42.86612253450033,16.0,512.0,Windows 11,Integrated,Intel Core Ultra
401,MOTOROLA,91990.0,59990.0,34.78638982498098,16.0,512.0,Windows 11,Integrated,Intel Core Ultra
402,DELL,118498.0,52990.0,55.28194568684703,16.0,512.0,Windows 11,Integrated,Intel Core 3
403,HP,159900.0,52990.0,66.8605378361476,8.0,512.0,Windows 11,4 GB Graphics,AMD Ryzen 5
404,ASUS,104990.0,65748.0,37.37689303743213,16.0,512.0,Windows 11,Integrated,Intel Core i5
405,ZEBRONICS,104990.0,51999.0,50.472425945328126,16.0,512.0,Windows 11,Integrated,Intel Core i5
406,Acer,80990.0,59490.0,26.546487220644522,16.0,512.0,Windows 11,4 GB Graphics,Intel Core i5
407,MICROSOFT,123990.0,103822.0,16.265827889345914,16.0,256.0,Windows 11,Integrated,Snapdragon X
408,Lenovo,389990.0,79890.0,79.51485935536809,16.0,1024.0,Windows 11,Integrated,Intel Core Ultra
409,MICROSOFT,176990.0,108990.0,38.42024973162326,16.0,512.0,Windows 11,Integrated,Snapdragon X
410,HP,71479.0,57490.0,19.57078302718281,8.0,512.0,Windows 10,Integrated,Intel Core i5
411,MICROSOFT,119498.0,100990.0,15.488125324273211,16.0,512.0,Windows 11,Integrated,Snapdragon X
412,Lenovo,85991.0,75990.0,11.63028689048854,16.0,512.0,Windows 11,Integrated,Intel Core i7
413,DELL,129990.0,79101.0,39.148396030463886,16.0,512.0,Windows 11,Integrated,Intel Core 5
414,MOTOROLA,192990.0,59990.0,68.91548784911136,16.0,512.0,Windows 11,Integrated,Intel Core Ultra
415,MOTOROLA,90000.0,59990.0,33.34444444444444,16.0,512.0,Windows 11,Integrated,Intel Core Ultra
416,HP,111890.0,55990.0,49.95978192867995,16.0,512.0,Windows 11,Integrated,AMD Ryzen 5
417,MSI,118498.0,100990.0,14.77493291026009,32.0,1024.0,Windows 11,Integrated,Intel Core i7
418,HP,115898.0,54947.0,52.5902086317279,16.0,512.0,Windows 11,Integrated,Intel Core i3
419,WINGS,65000.0,38490.0,40.784615384615385,8.0,512.0,Windows 11,Integrated,Intel Core i5
420,ASUS,99900.0,88990.0,10.92092092092092,16.0,512.0,Windows 11,Integrated,Intel Core Ultra
421,Lenovo,125000.0,74999.0,40.0008,16.0,512.0,Windows 11,Integrated,AMD Ryzen 7
422,DELL,104990.0,59990.0,42.86122487855986,8.0,512.0,Windows 11,Integrated,Intel Core 3
423,MICROSOFT,104990.0,103822.0,1.1124869035146205,16.0,256.0,Windows 11,Integrated,Snapdragon X
424,HP,170990.0,80990.0,52.63465699748523,16.0,1024.0,Windows 11,Integrated,Intel Core Ultra
425,Acer,389990.0,39990.0,89.74589092028,8.0,256.0,Windows 11,Integrated,Intel Core Ultra
426,HP,176990.0,49990.0,71.75546641053167,16.0,512.0,Windows 11,Integrated,AMD Ryzen 3
427,Acer,79990.0,59990.0,25.003125390673837,16.0,1024.0,Windows 11,Integrated,AMD Ryzen 5
428,ASUS,111190.0,103990.0,6.475402464250382,16.0,512.0,Windows 11,Integrated,Intel Core Ultra
429,HP,119498.0,72827.0,39.05588378048168,16.0,512.0,Windows 11,Integrated,Intel Core i5
430,Lenovo,85991.0,84990.0,1.1640753102068822,16.0,512.0,Windows 11,Integrated,Intel Core i5
431,ASUS,109999.0,45990.0,58.190529004809136,8.0,512.0,Windows 11,Integrated,AMD Ryzen 3
432,Lenovo,192990.0,79999.0,58.54759313954091,16.0,1024.0,Windows 11,Integrated,Intel Core i5
433,MOTOROLA,59999.0,59990.0,0.015000250004166736,16.0,512.0,Windows 11,Integrated,Intel Core Ultra
434,MOTOROLA,189999.0,59990.0,68.42614961131375,16.0,512.0,Windows 11,Integrated,Intel Core Ultra
435,MICROSOFT,118498.0,104999.0,11.391753447315567,16.0,512.0,Windows 11,Integrated,Snapdragon X
436,ASUS,162996.0,88990.0,45.40356818572235,16.0,512.0,Windows 11,Integrated,Intel Core Ultra
437,HP,104990.0,69990.0,33.336508238879894,16.0,1024.0,Windows 11,Integrated,Intel Core i5
438,HP,104990.0,60990.0,41.90875321459187,16.0,512.0,Windows 11,Integrated,Intel Core i5
439,ASUS,86239.0,59699.0,30.774939412562762,16.0,512.0,Windows 11,Integrated,AMD Ryzen 5
440,Lenovo,79990.0,79990.0,0.0,16.0,512.0,Windows 11,Integrated,Intel Core i5
441,HP,389990.0,47765.0,87.75225005769379,8.0,512.0,Windows 11,Integrated,AMD Ryzen 5
442,MSI,176990.0,63956.0,63.86462512006328,8.0,512.0,Windows 11,4 GB Graphics,AMD Ryzen 5
443,ASUS,314190.0,103990.0,66.90219294057735,16.0,512.0,Windows 11,Integrated,Intel Core Ultra
444,DELL,119498.0,68990.0,42.266816181023955,8.0,512.0,Windows 11,Integrated,Intel Core i5
445,Lenovo,85991.0,58900.0,31.504459769045596,8.0,512.0,Windows 11,Integrated,Intel Core i5
446,Lenovo,108990.0,49990.0,54.133406734562804,16.0,512.0,Windows 11,Integrated,Intel Core i3
447,HP,118498.0,76983.0,35.03434657125015,16.0,512.0,Windows 11,6 GB Graphics,AMD Ryzen 5
448,MOTOROLA,203990.0,59990.0,70.59169567135643,16.0,512.0,Windows 11,Integrated,Intel Core Ultra
449,MOTOROLA,184990.0,59990.0,67.57122006594952,16.0,512.0,Windows 11,Integrated,Intel Core Ultra
450,Samsung,104990.0,69990.0,33.336508238879894,8.0,512.0,Windows 11,Integrated,Intel Core 5
451,HP,104990.0,69990.0,33.336508238879894,16.0,1024.0,Windows 11,Integrated,Intel Core i5
452,Acer,85000.0,55990.0,34.12941176470588,16.0,512.0,Windows 11,Integrated,Intel Core i5
453,ASUS,59990.0,59500.0,0.8168028004667445,16.0,512.0,Windows 11,Integrated,Intel Core i5
454,HP,389990.0,67249.0,82.7562245185774,16.0,512.0,Windows 11,Integrated,AMD Ryzen 7
455,ASUS,119498.0,87743.0,26.57366650487874,16.0,1024.0,Windows 11,Integrated,AMD Ryzen 7
456,HP,85991.0,76500.0,11.037201567605912,16.0,512.0,Windows 11,Integrated,Intel Core i5
457,ASUS,69990.0,59834.0,14.510644377768253,16.0,512.0,Windows 11,Integrated,AMD Ryzen 5
458,HP,329900.0,58951.0,82.13064565019704,8.0,512.0,Windows 11,Integrated,Intel Core i5
459,ASUS,192990.0,117990.0,38.862117208145506,32.0,1024.0,Windows 11,Integrated,Intel Core Ultra
460,MOTOROLA,109900.0,59990.0,45.4140127388535,16.0,512.0,Windows 11,Integrated,Intel Core Ultra
461,MOTOROLA,227990.0,59990.0,73.6874424316856,16.0,512.0,Windows 11,Integrated,Intel Core Ultra
462,Lenovo,118498.0,79990.0,32.49675100001688,16.0,512.0,Windows 11,Integrated,Intel Core i7
463,HP,115898.0,49890.0,56.95352810229684,8.0,512.0,Windows 11,Integrated,AMD Ryzen 5
464,HP,62990.0,54990.0,12.700428639466582,16.0,512.0,Windows 11,Integrated,Intel Core 3
465,MSI,92990.0,62990.0,32.26153349822562,8.0,1024.0,Windows 10,4 GB Graphics,Intel Core i5
466,DELL,104990.0,44990.0,57.14829983807982,8.0,512.0,Windows 11,Integrated,AMD Ryzen 3
467,HP,104990.0,51025.0,51.40013334603295,8.0,512.0,Windows 11,Integrated,AMD Ryzen 5
468,MICROSOFT,116990.0,103822.0,11.255662877168989,16.0,256.0,Windows 11,Integrated,Snapdragon X
469,HP,144900.0,80990.0,44.106280193236714,16.0,1024.0,Windows 11,Integrated,Intel Core Ultra
470,Acer,389990.0,54990.0,85.89963845226801,8.0,512.0,Windows 11,Integrated,Intel Core i5
471,ASUS,170990.0,72490.0,57.60570793613662,16.0,512.0,Windows 11,Integrated,Intel Core i5
472,Acer,119498.0,56990.0,52.30882525230548,8.0,1024.0,Windows 10,2 GB Graphics,Intel Core i5
473,MICROSOFT,109999.0,108990.0,0.9172810661915107,16.0,512.0,Windows 11,Integrated,Snapdragon X
474,ASUS,119498.0,103990.0,12.977623056452828,16.0,512.0,Windows 11,Integrated,Intel Core Ultra
475,HP,192990.0,61735.0,68.0112959220685,16.0,512.0,Windows 11,Integrated,Intel Core i5
476,Lenovo,198790.0,60990.0,69.31938226268926,16.0,512.0,Windows 11,Integrated,Intel Core i5
477,HP,121690.0,55999.0,53.982249979456,16.0,512.0,Windows 11,Integrated,Intel Core i3
478,Acer,59990.0,44990.0,25.00416736122687,8.0,512.0,Windows 11,Integrated,Intel Core i3
479,MOTOROLA,118032.0,59990.0,49.17480005422259,16.0,512.0,Windows 11,Integrated,Intel Core Ultra
480,MOTOROLA,118498.0,59990.0,49.37467299026144,16.0,512.0,Windows 11,Integrated,Intel Core Ultra
481,ASUS,115898.0,72990.0,37.0222091839376,16.0,512.0,Windows 11,Integrated,Intel Core i5
482,Apple,265890.0,138490.0,47.91455113016661,16.0,512.0,Windows 11,Integrated,Intel Core Ultra
483,ASUS,104990.0,88990.0,15.239546623487952,16.0,512.0,Windows 11,Integrated,Intel Core Ultra
484,ASUS,59999.0,32990.0,45.01575026250437,8.0,512.0,Windows 11,Integrated,Intel Core Ultra
485,MICROSOFT,139104.0,103822.0,25.363756613756617,16.0,256.0,Windows 11,Integrated,Snapdragon X
486,HP,389990.0,80990.0,79.23280084104721,16.0,1024.0,Windows 11,Integrated,Intel Core Ultra
487,ASUS,176990.0,65999.0,62.71032261709701,16.0,512.0,Windows 11,Integrated,Intel Core 5
488,ASUS,119498.0,103990.0,12.977623056452828,16.0,512.0,Windows 11,Integrated,Intel Core Ultra
489,HP,100999.0,48908.0,51.57575817582353,8.0,512.0,Windows 10,Integrated,AMD Ryzen 5
490,HP,275990.0,91990.0,66.66908221312366,16.0,512.0,Windows 11,4 GB Graphics,Intel Core i5
491,MICROSOFT,192990.0,110902.0,42.534846365096634,16.0,512.0,Windows 11,Integrated,Snapdragon X
492,MOTOROLA,118498.0,59990.0,49.37467299026144,16.0,512.0,Windows 11,Integrated,Intel Core Ultra
493,MOTOROLA,115898.0,59990.0,48.2389687483822,16.0,512.0,Windows 11,Integrated,Intel Core Ultra
494,HP,132300.0,47558.0,64.05291005291005,8.0,512.0,Windows 11,Integrated,Intel Core i3
495,Lenovo,79990.0,48986.0,38.759844980622574,16.0,512.0,Windows 11,Integrated,AMD Ryzen 5
496,DELL,134999.0,116490.0,13.7104719294217,16.0,512.0,Windows 10,Integrated,Intel Core i7
497,ASUS,104990.0,88990.0,15.239546623487952,16.0,512.0,Windows 11,Integrated,Intel Core Ultra
498,Acer,88990.0,41990.0,52.81492302505899,8.0,1024.0,Windows 10,Integrated,Intel Core i5
499,HP,69990.0,58025.0,17.095299328475498,16.0,512.0,Windows 11,Integrated,Intel Core i5
500,MICROSOFT,389990.0,103822.0,73.37829175107055,16.0,256.0,Windows 11,Integrated,Snapdragon X
501,HP,176990.0,80990.0,54.24035256229165,16.0,1024.0,Windows 11,Integrated,Intel Core Ultra
502,MSI,139900.0,55480.0,60.343102215868484,8.0,512.0,Windows 11,Integrated,Intel Core i5
503,MICROSOFT,106536.0,99990.0,6.14440189231809,16.0,256.0,Windows 11,Integrated,Snapdragon X
504,DELL,91990.0,59990.0,34.78638982498098,8.0,512.0,Windows 11,Integrated,Intel Core i5
505,MICROSOFT,119498.0,108990.0,8.793452610085524,16.0,512.0,Windows 11,Integrated,Snapdragon X
506,WINGS,56538.0,38490.0,31.921893239944815,8.0,512.0,Windows 11,Integrated,Intel Core i5
507,MICROSOFT,192990.0,110902.0,42.534846365096634,16.0,512.0,Windows 11,Integrated,Snapdragon X
508,Ultimus,88990.0,14962.0,83.18687492976738,4.0,512.0,Windows 11,Integrated,Intel Core Ultra
509,Lenovo,60695.0,59491.0,1.983688936485707,16.0,512.0,Windows 11,Integrated,AMD Ryzen 7
510,MOTOROLA,118498.0,59990.0,49.37467299026144,16.0,512.0,Windows 11,Integrated,Intel Core Ultra
511,MOTOROLA,115898.0,59990.0,48.2389687483822,16.0,512.0,Windows 11,Integrated,Intel Core Ultra
512,ASUS,85000.0,79990.0,5.894117647058823,16.0,512.0,Windows 11,Integrated,Intel Core 5
513,ASUS,104990.0,88990.0,15.239546623487952,16.0,512.0,Windows 11,Integrated,Intel Core Ultra
514,DELL,108000.0,71999.0,33.334259259259255,16.0,512.0,Windows 11,Integrated,Snapdragon X
515,HP,73990.0,70547.0,4.6533315312880115,16.0,512.0,Windows 11,4 GB Graphics,Intel Core i5
516,Avita,389990.0,25990.0,93.3357265570912,4.0,128.0,Windows 10,Integrated,Intel Core Ultra
517,MICROSOFT,176990.0,103822.0,41.340188711226624,16.0,256.0,Windows 11,Integrated,Snapdragon X
518,HP,152990.0,80990.0,47.061899470553634,16.0,1024.0,Windows 11,Integrated,Intel Core Ultra
519,WarnerCann,119498.0,34000.0,71.54764096470234,16.0,256.0,Windows 11,Integrated,Intel Core i5
520,Samsung,84999.0,57969.0,31.800374122048495,16.0,512.0,Windows 11,Integrated,Intel Core i5
521,HP,99000.0,55000.0,44.44444444444444,8.0,512.0,Windows 10,Integrated,AMD Ryzen 5
522,DELL,54522.0,51990.0,4.64399691867503,8.0,256.0,Windows 11,Integrated,Intel Core i5
523,ASUS,118498.0,63999.0,45.99149352731692,16.0,512.0,Windows 11,Integrated,Intel Core i5
524,MICROSOFT,115898.0,111102.0,4.138121451621253,16.0,256.0,Windows 11,Integrated,Snapdragon X
525,MICROSOFT,125000.0,110902.0,11.2784,16.0,512.0,Windows 11,Integrated,Snapdragon X
526,MSI,101990.0,84490.0,17.158544955387782,16.0,512.0,Windows 11,4 GB Graphics,Intel Core i5
527,Lenovo,104990.0,48990.0,53.33841318220783,8.0,512.0,Windows 11,Integrated,AMD Ryzen 5
528,MOTOROLA,104990.0,59990.0,42.86122487855986,16.0,512.0,Windows 11,Integrated,Intel Core Ultra
529,MOTOROLA,75999.0,59990.0,21.064750851984897,16.0,512.0,Windows 11,Integrated,Intel Core Ultra
530,ASUS,106999.0,65548.0,38.73961438891953,8.0,512.0,Windows 11,Integrated,Intel Core i5
531,Lenovo,389990.0,63990.0,83.59188697146081,16.0,512.0,Windows 11,Integrated,Intel Core i5-13420H
532,ASUS,119498.0,19990.0,83.27168655542351,4.0,512.0,Windows 11,Integrated,Intel Core Ultra
533,HP,227250.0,80990.0,64.36083608360836,16.0,1024.0,Windows 11,Integrated,Intel Core Ultra
534,ASUS,250999.0,65938.0,73.7297758158399,16.0,512.0,Windows 11,Integrated,Intel Core 5
535,Acer,98900.0,62990.0,36.30940343781597,16.0,512.0,Windows 11,6 GB Graphics,Intel Core i5
536,DELL,109999.0,95168.0,13.482849844089491,8.0,512.0,Windows 11,6 GB Graphics,Intel Core i5
537,HP,192990.0,49707.0,74.24374319912948,8.0,512.0,Windows 11,Integrated,AMD Ryzen 5
538,MICROSOFT,319900.0,111102.0,65.26977180368864,16.0,256.0,Windows 11,Integrated,Snapdragon X
539,MICROSOFT,339390.0,110902.0,67.32313857214413,16.0,512.0,Windows 11,Integrated,Snapdragon X
540,Lenovo,118498.0,83947.0,29.15745413424699,16.0,512.0,Windows 11,6 GB Graphics,Intel Core i5
541,ASUS,115898.0,78013.0,32.68822585376797,16.0,512.0,Windows 11,Integrated,Intel Core i7
542,MOTOROLA,141439.0,59990.0,57.58595578305842,16.0,512.0,Windows 11,Integrated,Intel Core Ultra
543,MOTOROLA,72990.0,59990.0,17.81065899438279,16.0,512.0,Windows 11,Integrated,Intel Core Ultra
544,MSI,140400.0,70023.0,50.126068376068375,16.0,512.0,Windows 11,4 GB Graphics,Intel Core i5
545,MSI,104990.0,71890.0,31.5268120773407,8.0,512.0,Windows 11,4 GB Graphics,Intel Core i5
546,Acer,104990.0,78990.0,24.764263263167923,16.0,512.0,Windows 11,Integrated,Intel Core i7
547,Primebook,27990.0,19990.0,28.5816362986781,8.0,512.0,Windows 11,Integrated,Intel Core Ultra
548,ASUS,389990.0,88990.0,77.1814661914408,16.0,512.0,Windows 11,Integrated,Intel Core Ultra
549,HP,176990.0,75860.0,57.13882140233911,16.0,512.0,Windows 11,4 GB Graphics,Intel Core i5
550,HP,132239.0,48790.0,63.1046816748463,8.0,512.0,Windows 11,Integrated,Intel Core i3
551,MICROSOFT,233990.0,103822.0,55.62972776614386,16.0,256.0,Windows 11,Integrated,Snapdragon X
552,HP,110990.0,80990.0,27.02946211370394,16.0,1024.0,Windows 11,Integrated,Intel Core Ultra
553,HP,85991.0,83498.0,2.899140607738019,16.0,512.0,Windows 11,6 GB Graphics,AMD Ryzen 7
554,ASUS,109999.0,103990.0,5.462776934335767,16.0,512.0,Windows 11,Integrated,Intel Core Ultra
555,MICROSOFT,180990.0,111102.0,38.614288082214486,16.0,256.0,Windows 11,Integrated,Snapdragon X
556,Samsung,118498.0,114490.0,3.38233556684501,16.0,512.0,Windows 11,Integrated,Intel Core 7
557,DELL,115898.0,64990.0,43.92483045436504,16.0,512.0,Windows 11,Integrated,Intel Core i5
558,MOTOROLA,74990.0,59990.0,20.002667022269634,16.0,512.0,Windows 11,Integrated,Intel Core Ultra
559,MOTOROLA,104990.0,59990.0,42.86122487855986,16.0,512.0,Windows 11,Integrated,Intel Core Ultra
560,Ultimus,104990.0,15999.0,84.76140584817603,4.0,512.0,Windows 11,Integrated,Intel Core Ultra
561,HP,239900.0,64999.0,72.90579408086703,8.0,512.0,Windows 11,AMD Radeon,AMD Ryzen 5
562,ASUS,172214.0,88990.0,48.32592007618428,16.0,512.0,Windows 11,Integrated,Intel Core Ultra
563,Samsung,149588.0,106990.0,28.47688317244699,16.0,512.0,Windows 11,Integrated,Intel Core 5
564,ASUS,389990.0,180990.0,53.591117720967205,16.0,2048.0,Windows 10,Integrated,Intel Core i7
565,HP,176990.0,98024.0,44.61608000452003,16.0,1024.0,Windows 11,Integrated,Intel Core i7
566,HP,119498.0,80990.0,32.22480710974242,16.0,1024.0,Windows 11,Integrated,Intel Core Ultra
567,Infinix,110990.0,57990.0,47.75204973421029,16.0,512.0,Windows 11,Integrated,Intel Core i7
568,Lenovo,192990.0,74156.0,61.57521115083683,8.0,512.0,Windows 11,Integrated,Intel Core i5
569,MICROSOFT,170790.0,111102.0,34.948181977867556,16.0,256.0,Windows 11,Integrated,Snapdragon X
570,MICROSOFT,118498.0,110902.0,6.410234771894885,16.0,512.0,Windows 11,Integrated,Snapdragon X
571,Acer,115898.0,47726.0,58.82068715594747,8.0,512.0,Windows 11,Integrated,Intel Core i3
572,ASUS,93971.0,62990.0,32.96868182737228,8.0,512.0,Windows 11,Integrated,AMD Ryzen 5
573,MOTOROLA,83999.0,59990.0,28.582483124799108,16.0,512.0,Windows 11,Integrated,Intel Core Ultra
574,MOTOROLA,104990.0,59990.0,42.86122487855986,16.0,512.0,Windows 11,Integrated,Intel Core Ultra
575,Samsung,389990.0,144990.0,62.822123644196004,16.0,512.0,Windows 11,Integrated,Intel Core i5
576,HP,176990.0,130990.0,25.990168936098083,16.0,1024.0,Windows 11,4 GB Graphics,Intel Core i7
577,DELL,104999.0,69990.0,33.342222306879115,16.0,512.0,Windows 11,Integrated,AMD Ryzen 5
578,HP,64990.0,47990.0,26.157870441606402,8.0,512.0,Windows 11,Integrated,AMD Ryzen 5
579,MICROSOFT,119498.0,103822.0,13.11821118345077,16.0,256.0,Windows 11,Integrated,Snapdragon X
580,HP,85991.0,80990.0,5.815724901443174,16.0,1024.0,Windows 11,Integrated,Intel Core Ultra
581,Lenovo,74990.0,70990.0,5.334044539271903,16.0,512.0,Windows 11,Integrated,Intel Core 7
582,MSI,87999.0,74990.0,14.78312253548336,16.0,1024.0,Windows 11,Integrated,Intel Core Ultra
583,DELL,109999.0,68990.0,37.28124801134556,8.0,1024.0,Windows 10,4 GB Graphics,Intel Core i5
584,HP,192990.0,76990.0,60.10674128193171,16.0,512.0,Windows 11,4 GB Graphics,AMD Ryzen 7
585,ASUS,190990.0,103990.0,45.552123147808786,16.0,512.0,Windows 11,Integrated,Intel Core Ultra
586,HP,88999.0,49990.0,43.830829559882694,8.0,256.0,Windows 11,Integrated,Intel Core Ultra
587,MICROSOFT,115898.0,111102.0,4.138121451621253,16.0,256.0,Windows 11,Integrated,Snapdragon X
588,DELL,104990.0,86990.0,17.144489951423942,8.0,512.0,Windows 10,4 GB Graphics,Intel Core i7
589,HP,104990.0,69000.0,34.27945518620821,16.0,512.0,Windows 11,Integrated,Intel Core i5
590,MOTOROLA,202990.0,59990.0,70.44682004039608,16.0,512.0,Windows 11,Integrated,Intel Core Ultra
591,MOTOROLA,121990.0,59990.0,50.82383801950979,16.0,512.0,Windows 11,Integrated,Intel Core Ultra
592,Apple,389990.0,209900.0,46.17810713095207,24.0,1024.0,Windows 11,Integrated,Intel Core Ultra
593,Acer,176990.0,62490.0,64.69292050398327,8.0,512.0,Windows 10,2 GB Graphics,Intel Core i5
594,Acer,119498.0,56990.0,52.30882525230548,16.0,512.0,Windows 11,Integrated,Intel Core i5
595,ASUS,85991.0,45990.0,46.51765882476073,16.0,512.0,Windows 11,Integrated,Intel Core i3
596,MSI,103976.0,71641.0,31.098522736016005,16.0,1024.0,Windows 11,Integrated,Intel Core i5
597,HP,180990.0,54900.0,69.66683242168075,16.0,512.0,Windows 11,Integrated,Intel Core i3
598,HP,99990.0,80990.0,19.001900190019004,16.0,1024.0,Windows 11,Integrated,Intel Core Ultra
599,Lenovo,118498.0,52990.0,55.28194568684703,16.0,512.0,Windows 11,Integrated,Intel Core i3
600,ASUS,115898.0,72633.0,37.330238658130426,16.0,512.0,Windows 11,Integrated,Intel Core i7
601,MICROSOFT,429999.0,108990.0,74.65342942658006,16.0,512.0,Windows 11,Integrated,Snapdragon X
602,HP,104990.0,83597.0,20.37622630726736,16.0,512.0,Windows 11,4 GB Graphics,AMD Ryzen 7
603,Acer,112990.0,70490.0,37.61394813700327,8.0,512.0,Windows 11,4 GB Graphics,Intel Core i5
604,MICROSOFT,389990.0,110902.0,71.56286058616888,16.0,512.0,Windows 11,Integrated,Snapdragon X
605,Lenovo,176990.0,55190.0,68.81744731340754,8.0,512.0,Windows 11,Integrated,Intel Core i3
606,MOTOROLA,62990.0,59990.0,4.762660739799968,16.0,512.0,Windows 11,Integrated,Intel Core Ultra
607,MOTOROLA,119498.0,59990.0,49.7983229844851,16.0,512.0,Windows 11,Integrated,Intel Core Ultra
608,Acer,92990.0,57990.0,37.63845574792988,8.0,1024.0,Windows 10,2 GB Graphics,Intel Core i5
609,ASUS,347990.0,98991.0,71.55349291646311,16.0,512.0,Windows 11,Integrated,Intel Core i5
610,ASUS,109999.0,88990.0,19.099264538768534,16.0,512.0,Windows 11,Integrated,Intel Core Ultra
611,Lenovo,192990.0,84990.0,55.961448779729515,16.0,512.0,Windows 11,Integrated,Intel Core i7
612,Lenovo,79990.0,49990.0,37.50468808601075,16.0,512.0,Windows 11,Integrated,AMD Ryzen 5
613,MICROSOFT,113216.0,103822.0,8.297413793103448,16.0,256.0,Windows 11,Integrated,Snapdragon X
